name,phone,principal_contact,url,address,accreditation
Progressive Medical Billing,+12107331802,Leticia A. Cantu (Owner),https://www.bbb.org/us/tx/san-antonio/profile/billing-services/progressive-medical-billing-0825-90020942,"6655 First Park Ten Blvd Ste 216, San Antonio, TX 78213-4304",Accredited
Momentum Billing,+18668756527,N/A,https://www.bbb.org/us/ca/san-diego/profile/medical-billing/momentum-billing-1126-172017754,"13400 Sabre Springs Pkwy #150, San Diego, CA 92128",Non-Accredited
Centerline Medical Billing,+18008285133,Patrick Mahoney (Owner),https://www.bbb.org/us/ca/aliso-viejo/profile/medical-billing/centerline-medical-billing-1126-1000116438,"Aliso Viejo, CA 92653-4642",Accredited
Compass Billing,+13037131300,Ellen E. Stewart (Registered Agent),https://www.bbb.org/us/co/greenwood-village/profile/medical-billing/compass-billing-1296-90146804,"5350 Dtc Pkwy Ste 304, Greenwood Village, CO 80111",Non-Accredited
Matrix Medical Billing,+18888343477,Christian Burris (Member),https://www.bbb.org/us/az/mesa/profile/billing-services/matrix-medical-billing-1126-97026964,"2135 E. University Drive #120, Mesa, AZ 85213-8337",Non-Accredited
Medical Billing Partners,+14024135394,Taylor Santos (Owner),https://www.bbb.org/us/ne/lincoln/profile/medical-billing/medical-billing-partners-0714-1000061239,"Lincoln, NE 68505-0201",Non-Accredited
Springs Medical Billing,+17194008222,Christina Boyce (Owner),https://www.bbb.org/us/co/colorado-springs/profile/medical-billing/springs-medical-billing-0785-1000007536/addressId/54182,"PO Box 64258, Colorado Springs, CO 80962-4258",Non-Accredited
Veracity Medical Billing,+13175203555,Sharon Gall (President),https://www.bbb.org/us/in/zionsville/profile/medical-billing/veracity-medical-billing-0382-90050513,"220 South Elm Street, Zionsville, IN 46077",Non-Accredited
Midwest Medical Billing,+16145771077,Kelly Schaffer Rahe (President),https://www.bbb.org/us/oh/reynoldsburg/profile/medical-billing/midwest-medical-billing-0302-11006119,"6400 E Main St Ste 201, Reynoldsburg, OH 43068-2348",Non-Accredited
Specialized Medical Billing,+16144618154,Adrianne H. Nittala (Co-Owner),https://www.bbb.org/us/oh/worthington/profile/medical-billing/specialized-medical-billing-0302-70095304,"330 E Wilson Bridge Rd Ste 100, Worthington, OH 43085-6310",Accredited
Proclaims Medical Billing,+13862745712,Michelle Cavanaugh (President),https://www.bbb.org/us/fl/ormond-beach/profile/medical-billing/proclaims-medical-billing-0733-90136184,"785 W Granada Blvd Ste 5, Ormond Beach, FL 32174-5163",Non-Accredited
Blitz Medical Billing,+18553298220,Lilian Garcia (CEO),https://www.bbb.org/us/tx/frisco/profile/medical-billing/blitz-medical-billing-0875-91061873,"1701 Legacy Dr Ste 1200, Frisco, TX 75034-5991",Accredited
Medical Billing Center,+18646791600,Nicole Kluckhohn (CEO),https://www.bbb.org/us/sc/greenville/profile/medical-billing/medical-billing-center-0673-90039737,"401 Brookfield Pkwy Ste 500A, Greenville, SC 29607-5795",Non-Accredited
PC Medical Billing LLC,+13605398487,Patrick O'Neil (Managing Member),https://www.bbb.org/us/wa/tumwater/profile/medical-billing/pc-medical-billing-llc-1296-1000097169/addressId/641375,"PO Box 14546, Tumwater, WA 98511",Accredited
Specialty Billing Services,+19147717335,Jeannine Raciti (President),https://www.bbb.org/us/ny/yorktown-heights/profile/medical-billing/specialty-billing-services-0121-106473,"2649 Strang Blvd Ste 303, Yorktown Heights, NY 10598-2938",Non-Accredited
Orange County Medical Billing,+17148955614,Tracy Ann Jonas (Owner),https://www.bbb.org/us/ca/westminster/profile/medical-billing/orange-county-medical-billing-1126-13172913,"8311 Westminster Blvd Ste 340D, Westminster, CA 92683-8315",Non-Accredited
Diamond Medical Billing Services,+12537777762,Sunni Hearin (Owner),https://www.bbb.org/us/wa/renton/profile/medical-billing/diamond-medical-billing-services-1296-22719855,"13301 SE 79th Pl # A101, Renton, WA 98059-3265",Non-Accredited
Doctors Billing Pros,+16192292124,Lamont Wolfe (Owner),https://www.bbb.org/us/ca/san-diego/profile/medical-billing/doctors-billing-pros-1126-172001777,"PO Box 152865, San Diego, CA 92195",Non-Accredited
LPL Medical Billing Service,+13018318957,Lachee Lewis (Owner),https://www.bbb.org/us/md/frederick/profile/medical-billing/lpl-medical-billing-service-0011-90205853,"3606 John Simmons Ct, Frederick, MD 21704-7815",Non-Accredited
Quality Medical Billing Service,+15032531653,Kay Holmes (Owner),https://www.bbb.org/us/or/portland/profile/billing-services/quality-medical-billing-service-1296-75004277,"1404 SE 151st Ave, Portland, OR 97233-3054",Non-Accredited
Prescott Medical Billing Services,+19285335060,Kenneth Ficek (President/CEO),https://www.bbb.org/us/az/prescott/profile/medical-billing/prescott-medical-billing-services-1126-1000046455,"Prescott, AZ 86303-4132",Non-Accredited
Valcare Medical Billing Services,+15099722357,Carolyn Pierson (Owner),https://www.bbb.org/us/wa/yakima/profile/medical-billing/valcare-medical-billing-services-1296-1000009330,"208 1/2 S 40th Ave, Yakima, WA 98908",Non-Accredited
DDR Medical Billing & Consultants,+16028887063,Donna Suchil (Member),https://www.bbb.org/us/az/phoenix/profile/medical-billing/ddr-medical-billing-consultants-1126-1000047383,"2735 W Sweetwater Ave, Phoenix, AZ 85029-1311",Non-Accredited
Billing Partners Solution,+16026750161,Ruth M Gonzalez (Owner),https://www.bbb.org/us/az/phoenix/profile/medical-billing/billing-partners-solution-1126-1000047551,"5224 N 40th Dr, Phoenix, AZ 85019-2436",Accredited
Easy Billing Services,+16192462695,Danielle Gonzales (Owner),https://www.bbb.org/us/ca/san-diego/profile/billing-services/easy-billing-services-1126-1000113485,"1641 Burton St, San Diego, CA 92111-7526",Accredited
Platinum Medical Billing & Consulting,+16024330305,Anna M Whitt (Owner),https://www.bbb.org/us/az/mesa/profile/medical-billing/platinum-medical-billing-consulting-1126-1000085023,"1837 S Mesa Dr Ste B202, Mesa, AZ 85210-6219",Non-Accredited
Hernandez Healthcare Billing,+19287794404,Dorothy Hernandez (Manager),https://www.bbb.org/us/az/bellemont/profile/billing-services/hernandez-healthcare-billing-1126-1000040693,"Bellemont, AZ 86015",Non-Accredited
Billing Business Specialists,+15203169405,Jeri E. Theiler (Member),https://www.bbb.org/us/az/arizona-city/profile/medical-billing/billing-business-specialists-1126-1000047834,"PO Box 3121, Arizona City, AZ 85123-0828",Non-Accredited
Orange Sterling Billing,+14808435143,Lauren Rundall (Owner),https://www.bbb.org/us/az/phoenix/profile/billing-services/orange-sterling-billing-1126-1000110820,"10000 N 31st Ave Ste D214, Phoenix, AZ 85051-2001",Accredited
Apridas Medical Management & Billing,+14057459600,Becky Stubblefield (Owner),https://www.bbb.org/us/ok/mustang/profile/medical-case-management/apridas-medical-management-billing-0995-90024256,"2035 E State Hwy 152 Suite 103, Mustang, OK 73064",Non-Accredited
Doctors & MDs Billing,+18052104207,Lili Vizcardo (Owner),https://www.bbb.org/us/ca/simi-valley/profile/medical-billing/doctors-mds-billing-1236-92013897,"2667 Fallon Cir, Simi Valley, CA 93065-4720",Non-Accredited
Medical Claims & Billing Specialist,+18319013801,Diana Rosa (Co-Owner),https://www.bbb.org/us/ca/del-rey-oaks/profile/medical-billing/medical-claims-billing-specialist-1216-231036,"203C Calle Del Oaks, Del Rey Oaks, CA 93940-5710",Accredited
Young's Billing & Consulting,+17164082525,Daniel J. Young (President/CEO),https://www.bbb.org/us/ny/williamsville/profile/billing-services/youngs-billing-consulting-0041-235964412,"Williamsville, NY 14221-2609",Accredited
KSN Billing & Collections,+18554690959,Robin Bailey (CEO),https://www.bbb.org/us/nj/newark/profile/medical-billing/ksn-billing-collections-0221-90203827,"Newark, NJ 07103-3378",Non-Accredited
Certified Healthcare Billing,+16267919004,Julia Tashchyan (CEO),https://www.bbb.org/us/ca/sunland/profile/medical-billing/certified-healthcare-billing-1216-640510,"8055 Foothill Blvd, Sunland, CA 91040-2943",Accredited
"Metropolitan Medical Billing Services, Inc.",+14434013736,Michelle Macer (Manager),https://www.bbb.org/us/md/gwynn-oak/profile/medical-billing/metropolitan-medical-billing-services-inc-0011-90184972,"6606 Liberty Ter, Gwynn Oak, MD 21207-6208",Non-Accredited
"Borsu Medical Billing Services, LLC",+12028484873,Borsu Okpara (Owner),https://www.bbb.org/us/md/hyattsville/profile/medical-billing/borsu-medical-billing-services-llc-0241-236075667,"Hyattsville, MD 20782",Non-Accredited
ELS Medical Billing Group LLC,+18889277894,Ericia L. Smith (CEO),https://www.bbb.org/us/ga/lagrange/profile/medical-billing/els-medical-billing-group-llc-0743-91820311,"Lagrange, GA 30240-1158",Accredited
"RDY Billing Solutions, LLC",+16469160643,Regina Young (Owner),https://www.bbb.org/us/nc/monroe/profile/medical-billing/rdy-billing-solutions-llc-0473-92032450,"Monroe, NC 28112-4523",Non-Accredited
Home Sweet Billing LLC,+12085701752,Jodie M Crane (Member),https://www.bbb.org/us/id/boise/profile/medical-billing/home-sweet-billing-llc-1296-1000128966,"Boise, ID 83705-2077",Non-Accredited
Aloha Maui Billing Services,+18082767193,Jonelle Davis,https://www.bbb.org/us/hi/makawao/profile/medical-billing/aloha-maui-billing-services-1296-1000121014,"1135 Makawao Ave Ste 103, Makawao, HI 96768-7402",Accredited
Results Insurance Billing LLC,+15413938595,Kerrie Martinez (Owner/Partner),https://www.bbb.org/us/or/redmond/profile/medical-billing/results-insurance-billing-llc-1296-1000103296,"Redmond, OR 97756-9023",Non-Accredited
Pro Med Billing Associates,+18556309900,Sadna Mohan (President),https://www.bbb.org/us/il/aurora/profile/medical-billing/pro-med-billing-associates-0654-88207857,"800 S Frontenac St # 3, Aurora, IL 60504-3122",Non-Accredited
DeMonte Medical Billing Solutions LLC,+18889243627,Joanne Demonte (Owner),https://www.bbb.org/us/pa/jeannette/profile/medical-billing/demonte-medical-billing-solutions-llc-0141-71041213,"1000 Clay Ave, Jeannette, PA 15644-3466",Non-Accredited
Excellent Medical Billing Service (EMBS),+14073024606,Lillian M. Ramos (President),https://www.bbb.org/us/fl/sanford/profile/medical-billing/excellent-medical-billing-service-embs-0733-90179274,"401 E 1st St Unit 2939, Sanford, FL 32772-7620",Non-Accredited
C R Billing Svc,+17087486775,Connie Rawls (Owner),https://www.bbb.org/us/il/richton-park/profile/medical-billing/c-r-billing-svc-0654-88225214,"22816 Valley Dr, Richton Park, IL 60471-2337",Non-Accredited
Brumett Professional Billing Services,+16236800096,Rosemary Brumett (Manager),https://www.bbb.org/us/az/surprise/profile/billing-services/brumett-professional-billing-services-1126-1000028587,"27177 N 171st Ln, Surprise, AZ 85387-3409",Non-Accredited
"T.E.A.M. Medical Billing Solutions, LLC",+19193743384,Alison J. Kilgore (Managing Member),https://www.bbb.org/us/nc/wendell/profile/medical-billing/team-medical-billing-solutions-llc-0593-90191285,"24 Bluewater Court, Wendell, NC 27591-9609",Non-Accredited
D M Billing Service,+16195612969,Dana Manjarrez (Owner),https://www.bbb.org/us/ca/lakeside/profile/billing-services/d-m-billing-service-1126-30004014,"Lakeside, CA 92040",Non-Accredited
Blue Sky Billing Solutions,+17724290692,Debbie Drennan (Managing Member),https://www.bbb.org/us/fl/fort-pierce/profile/medical-billing/blue-sky-billing-solutions-0633-90428573,"101 N US Highway 1 STE 118, Fort Pierce, FL 34950-4254",Non-Accredited
"Medical Billing, Etc.",+14023981138,MaryEllen Fisher (Owner),https://www.bbb.org/us/ne/omaha/profile/billing-services/medical-billing-etc-0714-300022690,"10567 Hansen Ave, Omaha, NE 68124-3633",Non-Accredited
"Administrative Billing Solutions, Inc.",+17153037696,Kari S. Behlmer (President),https://www.bbb.org/us/wi/eau-claire/profile/billing-services/administrative-billing-solutions-inc-0694-44185137,"1226 Archer Ln, Eau Claire, WI 54703-0605",Non-Accredited
D&S Medical Billing Services Inc,+19493880108,Shahnaz Lewis (President/Owner),https://www.bbb.org/us/ca/laguna-niguel/profile/medical-billing/ds-medical-billing-services-inc-1126-13105658,"PO Box 7526, Laguna Niguel, CA 92607-7526",Non-Accredited
A+ Medical Billing,+19493080332,Abeer Marogi (Founder-CEO),https://www.bbb.org/us/ca/lake-forest/profile/medical-billing/a-medical-billing-1126-1000142295,"Lake Forest, CA 92630-3637",Non-Accredited
Billing Key,+16787565284,Nicholas Hawkins (Owner),https://www.bbb.org/us/ga/atlanta/profile/medical-billing/billing-key-0443-27966156,"2221 Peachtree Rd NE STE D-397, Atlanta, GA 30309-1148",Non-Accredited
Billing Dynamix,+17273869497,Thomas Jorno,https://www.bbb.org/us/fl/clearwater/profile/medical-billing/billing-dynamix-0653-90344528,"2857 Executive Dr STE 200, Clearwater, FL 33762-5584",Non-Accredited
Integrity Billing & Consulting LLC,+15035828188,Ginette M Zuras-Hummel (Managing Owner),https://www.bbb.org/us/or/wilsonville/profile/medical-business-administration/integrity-billing-consulting-llc-1296-1000048129/addressId/871878,"PO Box 3516, Wilsonville, OR 97070",Non-Accredited
Medical Billing Unlimited,+17173694417,April Wingert (Owner),https://www.bbb.org/us/pa/greencastle/profile/medical-billing/medical-billing-unlimited-0241-182819497,"4514 Rockdale Rd, Greencastle, PA 17225-8000",Non-Accredited
Acom Medical Billing,+14805452610,Elizabeth Meyer (Director of Operations),https://www.bbb.org/us/az/gilbert/profile/medical-billing/acom-medical-billing-1126-87002612,"1094 S Gilbert Rd Ste 203, Gilbert, AZ 85296-3481",Non-Accredited
Draper Precision Billing & Coding,+19282218961,Travis Draper (Member),https://www.bbb.org/us/az/flagstaff/profile/medical-coding/draper-precision-billing-coding-1126-1000048355,"Flagstaff, AZ 86004-5455",Non-Accredited
Schmidt Medical Billing,+18888948880,N/A,https://www.bbb.org/us/pa/pittsburgh/profile/medical-billing/schmidt-medical-billing-0141-71049184,"200 Mcknight Park Dr # 201, Pittsburgh, PA 15237",Non-Accredited
Stolze Medical Billing,+19095760111,Alyssa A Stolze (Billing Specialist),https://www.bbb.org/us/ca/victorville/profile/medical-billing/stolze-medical-billing-1126-850022321,"11736 Dellwood Rd, Victorville, CA 92392-1291",Non-Accredited
Enfinity Medical Billing,+17329440080,Shakeel Ahmad (Principal),https://www.bbb.org/us/nj/east-brunswick/profile/medical-billing/enfinity-medical-billing-0221-90234777,"197 Route 18, East Brunswick, NJ 08816-1440",Non-Accredited
Greensense Billing,+19096988022,Angel Salazar (Operations Manager),https://www.bbb.org/us/ca/corona/profile/medical-billing/greensense-billing-1126-850066962,"495 E Rincon St STE 206, Corona, CA 92879",Non-Accredited
SmileBound Billing,+18032001899,Dawn Walker (CEO),https://www.bbb.org/us/nj/millville/profile/medical-billing/smilebound-billing-0221-90234692,"Millville, NJ 08332-4602",Accredited
Billing Solutions,+17404174968,Jackie Kruse (Owner),https://www.bbb.org/us/oh/delaware/profile/medical-billing/billing-solutions-0302-14008220,"15 E Lincoln Ave, Delaware, OH 43015-1605",Non-Accredited
Operation Billing,+18887235962,Steve Herrera (Owner),https://www.bbb.org/us/tx/fort-worth/profile/medical-billing/operation-billing-0825-235981805,"4500 Mercantile Plaza Dr Ste 300, Fort Worth, TX 76137-4206",Non-Accredited
Billing Matters,+16502452726,Beth Goddard (Owner),https://www.bbb.org/us/ca/redwood-city/profile/medical-billing/billing-matters-1116-538335,"570 El Camino Real STE 363, Redwood City, CA 94063-1200",Non-Accredited
Sirius Medical Billing,+13603980878,Catherine Campbell (Owner),https://www.bbb.org/us/wa/bellingham/profile/medical-billing/sirius-medical-billing-1296-22959892,"Bellingham, WA 98225-3100",Non-Accredited
PDXPERT Medical Billing,+15038608913,Cortney Rouse,https://www.bbb.org/us/or/portland/profile/medical-billing/pdxpert-medical-billing-1296-1000096262,"Portland, OR 97220-2709",Non-Accredited
Armedix Medical Billing,+14054184506,Randall Murray (Owner),https://www.bbb.org/us/ok/oklahoma-city/profile/medical-billing/armedix-medical-billing-0995-90074308,"3705 W Memorial Rd Ste 1304, Oklahoma City, OK 73134-1503",Non-Accredited
Element Medical Billing,N/A,Jared Turner (Owner/Manager),https://www.bbb.org/us/fl/port-saint-lucie/profile/medical-billing/element-medical-billing-0633-92046033,"2000 SE Port St Lucie Blvd Suite B, Port Saint Lucie, FL 34952",Non-Accredited
Prosperity Medical Billing,+16062076318,William B. Woodward (Owner),https://www.bbb.org/us/ky/bowling-green/profile/medical-billing/prosperity-medical-billing-0402-159166505,"Bowling Green, KY 42103-7116",Non-Accredited
Talbert's Medical Billing,+13378559023,Mary Talbert (CEO),https://www.bbb.org/us/la/lake-charles/profile/medical-billing/talberts-medical-billing-0925-90006328,"109 Executive Drive Suite C, Lake Charles, LA 70611",Accredited
Medical Billing Alternatives,+14198245203,Linda Hoffman (Owner),https://www.bbb.org/us/oh/sylvania/profile/billing-services/medical-billing-alternatives-0422-18000291,"5600 Monroe St Building B Ste 101, Sylvania, OH 43560-0703",Non-Accredited
Comprehensive Medical Billing,+18663218433,N/A,https://www.bbb.org/us/ok/oklahoma-city/profile/billing-services/comprehensive-medical-billing-0995-90011697,"9301 S. WESTERN AVE., OKLAHOMA CITY, OK 73139",Non-Accredited
Prince's Medical Billing,+17073349724,Loretta Lary (Owner),https://www.bbb.org/us/ca/vallejo/profile/billing-services/princes-medical-billing-1116-305648,"391 Sawyer St., Vallejo, CA 94589",Non-Accredited
Denton Medical Billing,+19405655846,Robin Johnston (Owner),https://www.bbb.org/us/tx/denton/profile/billing-services/denton-medical-billing-0875-90013540,"2019 Malone, Denton, TX 76201",Non-Accredited
Advantage Medical Billing,+15303457699,Jennifer Redeker (Owner),https://www.bbb.org/us/ca/chico/profile/medical-billing/advantage-medical-billing-1156-47020324,"Chico, CA 95973-5827",Accredited
Maximus Medical Billing,+12404896260,Maria Jison (President),https://www.bbb.org/us/md/silver-spring/profile/billing-services/maximus-medical-billing-0241-182900463,"11006 Veirs Mill Rd PMB 261, Silver Spring, MD 20902-2582",Non-Accredited
Stanford Medical Billing,+15594381245,Bette Stanford (Owner),https://www.bbb.org/us/ca/fresno/profile/billing-services/stanford-medical-billing-1126-59004124,"550 E Herndon Ave Ste 105A, Fresno, CA 93720-2992",Non-Accredited
Medical Billing Specialists,+15033875436,Kevin Worden,https://www.bbb.org/us/wa/everett/profile/medical-billing/medical-billing-specialists-1296-1000055840,"Everett, WA 98201-1874",Non-Accredited
Medical Billing Solutions,+19196980913,Mickey Perry (Customer Contact),https://www.bbb.org/us/nc/durham/profile/medical-billing/medical-billing-solutions-0593-90079402,"801 E Woodcroft Pkwy Apt 724, Durham, NC 27713-8268",Non-Accredited
Tammy's Medical Billing,+19074220488,Tammy Foutz (Owner),https://www.bbb.org/us/ak/seward/profile/medical-billing/tammys-medical-billing-1296-1000095075,"Seward, AK 99664",Non-Accredited
Outsource Medical Billing,N/A,Sharon Burge (Owner),https://www.bbb.org/us/md/joppa/profile/billing-services/outsource-medical-billing-0011-90190447,"207 Stillmeadow Dr, Joppa, MD 21085-4750",Non-Accredited
Park Medical Billing,+12015857306,Chol Park (CEO/Founder),https://www.bbb.org/us/nj/englewood/profile/medical-billing/park-medical-billing-0221-90169074,"106 Grand Ave Ste 210, Englewood, NJ 07631-3565",Non-Accredited
Nexus Medical Billing,+18772722900,Christine,https://www.bbb.org/us/ma/springfield/profile/medical-billing/nexus-medical-billing-0261-289023,"PO Box 15109, Springfield, MA 01115",Non-Accredited
Human Medical Billing,+18776691070,Ramesh Jayakuma (Owner),https://www.bbb.org/us/ca/ventura/profile/medical-billing/human-medical-billing-1236-92088165,"2674 E Main St Ste E306, Ventura, CA 93003-2820",Accredited
Lees Medical Billing,+12292340062,Katy Saders (Office Supervisor),https://www.bbb.org/us/fl/milton/profile/medical-billing/lees-medical-billing-0683-90078578,"Milton, FL 32571-2696",Non-Accredited
Ultimate Medical Billing,+15407519146,Rhonda Jeffery (Owner),https://www.bbb.org/us/va/round-hill/profile/billing-services/ultimate-medical-billing-0241-124457597,"17370 Avion Sq, Round Hill, VA 20141-2492",Non-Accredited
"Montana Medical Billing, L.L.C.",+14062277065,Morgan Williams (Owner),https://www.bbb.org/us/mt/columbia-fls/profile/medical-business-administration/montana-medical-billing-llc-1296-1000008635,"3200 Trumble Creek Rd, Columbia Fls, MT 59912-9048",Accredited
Hart Medical Billing,+17078393013,Harriette Hart (Owner),https://www.bbb.org/us/ca/mckinleyville/profile/billing-services/hart-medical-billing-1116-195300,"PO Box 2447, Mckinleyville, CA 95519-2447",Non-Accredited
Telfonix Medical Billing,+19414836633,N/A,https://www.bbb.org/us/fl/nokomis/profile/medical-consultants/telfonix-medical-billing-0403-8002369,"890 Hillcrest Drive, Nokomis, FL 34275",Non-Accredited
"Seaside Medical Billing, Inc.",+15085483699,Charlene Soares (Owner),https://www.bbb.org/us/ma/teaticket/profile/medical-billing/seaside-medical-billing-inc-0021-112487,"PO Box 2460, Teaticket, MA 02536-2460",Non-Accredited
Billing Paradise,+18885719069,Venkat Aravamudhan (CFO),https://www.bbb.org/us/ca/diamond-bar/profile/medical-billing/billing-paradise-1216-260860,"732 N Diamond Bar Blvd STE 110, Diamond Bar, CA 91765-1043",Non-Accredited
ePsych Billing,+13233745479,Alexander Zaki (President),https://www.bbb.org/us/nv/las-vegas/profile/medical-billing/epsych-billing-1086-90093585,"2300 W Sahara Ave Ste 800, Las Vegas, NV 89102-4397",Non-Accredited
Ultimate Billing,+14697445853,Marina Adelman (Founder),https://www.bbb.org/us/ri/west-warwick/profile/medical-billing/ultimate-billing-0021-543902,"1600 Division Rd Ste 2000, West Warwick, RI 02893-7574",Non-Accredited
Billing Depot,+16093718920,Eriz Lirov (COO),https://www.bbb.org/us/nj/east-windsor/profile/medical-billing/billing-depot-0221-90108714,"415 Dutch Neck Rd, East Windsor, NJ 08520-1201",Non-Accredited
Digital Med Billing Solutions LLC,+14073775484,N/A,https://www.bbb.org/us/fl/orlando/profile/medical-billing/digital-med-billing-solutions-llc-0733-235968973,"1322 N Pine Hills Rd, Orlando, FL 32808-4832",Non-Accredited
Allstars Medical Billing,+15014240123,"Muhammad ""Imran"" Siddique (Owner)",https://www.bbb.org/us/ca/walnut-creek/profile/medical-billing/allstars-medical-billing-0935-90386244,"2121 N California Blvd Ste 243, Walnut Creek, CA 94596-3572",Non-Accredited
Revu Billing,+18889999744,Business Manager,https://www.bbb.org/us/il/bloomingdale/profile/accountant/revu-billing-0654-1000108584,"175 S Bloomingdale Rd, Bloomingdale, IL 60108",Non-Accredited
Atticus Medical Billing,+18009604662,Customer Service (Manager),https://www.bbb.org/us/ca/thousand-oaks/profile/medical-billing/atticus-medical-billing-1236-92021487,"5776 Lindero Canyon Road Suite D-451, Thousand Oaks, CA 91362",Non-Accredited
Accelerated Medical Billing,+17277818460,N/A,https://www.bbb.org/us/fl/saint-petersburg/profile/medical-billing/accelerated-medical-billing-0653-90399628/addressId/255877,"1209 1st St NE, Saint Petersburg, FL 33701-1811",Non-Accredited
Savant Medical Billing,+13605677154,Susanne Noga (Owner),https://www.bbb.org/us/wa/vancouver/profile/medical-billing/savant-medical-billing-1296-1000087929/addressId/826424,"6119 NE 103rd Ct, Vancouver, WA 98662",Non-Accredited
Endless Billing,+18779271619,Wendely Moodie-Naranjo (Executive),https://www.bbb.org/us/ca/tarzana/profile/medical-billing/endless-billing-1216-1000009205,"6167 Reseda blvd, tarzana, CA 91335",Non-Accredited
Sigma Billing,+19372087288,Tracy Hammond (Executive Director),https://www.bbb.org/us/oh/dayton/profile/medical-billing/sigma-billing-0322-3857,"1520 S Main St, Dayton, OH 45409",Non-Accredited
EasyCare Billing,+16098407792,N/A,https://www.bbb.org/us/nj/kendall-park/profile/medical-billing/easycare-billing-0221-90175229,"105 Daniel Ct, Kendall Park, NJ 08824-1530",Non-Accredited
Camelot Medical Billing,+16199429128,Wendy R Caudle (Owner),https://www.bbb.org/us/ca/chula-vista/profile/medical-billing/camelot-medical-billing-1126-172007228,"417 Nickman St, Chula Vista, CA 91911",Non-Accredited
Specialty Medical Billing,+19044107938,Judy Ullo (Owner),https://www.bbb.org/us/fl/jacksonville/profile/medical-billing/specialty-medical-billing-0403-235960875,"614 Cahoon Rd N 614 Cahoon Rd N, Jacksonville, FL 32220",Non-Accredited
Numeric Medical Billing,+14137326544,Joe McGovern (President),https://www.bbb.org/us/ma/west-springfield/profile/medical-billing/numeric-medical-billing-0261-347806,"195 Wayside Ave, West Springfield, MA 01089",Non-Accredited
DMJM Medical Billing,+18042750606,Jeanne M Haskins (Owner),https://www.bbb.org/us/va/n-chesterfield/profile/medical-billing/dmjm-medical-billing-0603-63400221,"4012 Hawkbill Ct, N Chesterfield, VA 23237",Non-Accredited
Anderson Medical Billing,+17342844105,N/A,https://www.bbb.org/us/mi/southgate/profile/billing-services/anderson-medical-billing-0372-90000668,"14550 Balsam Street, Southgate, MI 48195",Non-Accredited
Sven Medical Billing,+12486747133,N/A,https://www.bbb.org/us/mi/clarkston/profile/billing-services/sven-medical-billing-0372-20004855,"5880 Pine Knob Lane, Clarkston, MI 48346",Non-Accredited
WesDak Medical Billing,+16052555507,David Baker (Vice President),https://www.bbb.org/us/sd/rapid-city/profile/medical-billing/wesdak-medical-billing-0714-300064426,"809 South St Ste 210, Rapid City, SD 57701-3583",Accredited
Trinity Medical Billing,+14795713174,Leslie Clay Cooper (Owner),https://www.bbb.org/us/ar/fayetteville/profile/medical-billing/trinity-medical-billing-0935-90305889,"PO Box 10050, Fayetteville, AR 72703",Non-Accredited
Medical Billing Network,+12077822492,Louise Carpentier (Owner),https://www.bbb.org/us/me/lewiston/profile/medical-billing/medical-billing-network-0021-329422,"6 Dupuis Ave # B, Lewiston, ME 04240",Non-Accredited
Medical Billing Simplified,+19037525691,Lindsey Michelle Pautsky (Owner),https://www.bbb.org/us/tx/arp/profile/medical-billing/medical-billing-simplified--1075-28137758,"10811 FM 3226, Arp, TX 75750",Non-Accredited
Medical Billing Services,+19035341104,Carol Barrios,https://www.bbb.org/us/tx/tyler/profile/medical-billing/medical-billing-services-1075-28114624,"302 Powell Dr, Tyler, TX 75703-4635",Non-Accredited
Renaissance Medical Billing,+14238772312,Durie Andrews (Director of Business Development),https://www.bbb.org/us/tn/chattanooga/profile/billing-services/renaissance-medical-billing-0483-40035843,"5805 Lee Hwy STE 302, Chattanooga, TN 37421-3546",Non-Accredited
"MedNet Medical Billing and Collection Services, Inc.",+15053410070,Jen Jaciw (Business Manager),https://www.bbb.org/us/nm/albuquerque/profile/medical-billing/mednet-medical-billing-and-collection-services-inc-0806-99149950,"7801 Academy Rd NE Bldg 2 Ste 102, Albuquerque, NM 87109-3379",Non-Accredited
G & P Billing Services LLC,+14192247056,Valerie Kline (President/Manager),https://www.bbb.org/us/oh/lima/profile/medical-billing/g-p-billing-services-llc-0422-8004351,"PO Box 397, Lima, OH 45802-0397",Non-Accredited
"Professional Billing, Inc",+18776966589,Daniel Crocker (President),https://www.bbb.org/us/oh/powell/profile/medical-business-administration/professional-billing-inc-0302-70075862,"PO Box 1026, Powell, OH 43065-1026",Non-Accredited
Mercy Physician Billing,+13125676691,Eleanor L. Copp (Managed Care Physician Services),https://www.bbb.org/us/il/chicago/profile/billing-services/mercy-physician-billing-0654-33002223,"2525 S Michigan Ave # B-522, Chicago, IL 60616-2333",Non-Accredited
On Point Medical Billing,+12482813508,Sophia Hooper (Owner),https://www.bbb.org/us/mi/southfield/profile/billing-services/on-point-medical-billing-0372-90031304,"29200 Southfield Rd., S. 202A, Southfield, MI 48076",Non-Accredited
CF Medical Billing LLC,+13525368140,Theresa Stone (Owner),https://www.bbb.org/us/fl/clermont/profile/medical-billing/cf-medical-billing-llc-0733-90337120,"3705 S Highway 27 STE 203, Clermont, FL 34711-7950",Accredited
Avedis Medical Billing Solutions,+16617062911,Tambra A. Head (Owner),https://www.bbb.org/us/ca/bakersfield/profile/medical-billing/avedis-medical-billing-solutions-1126-89043575,"Bakersfield, CA 93314-3703",Non-Accredited
Eastern Medical Billing LLC,+12522694807,N/A,https://www.bbb.org/us/nc/havelock/profile/medical-billing/eastern-medical-billing-llc-0593-90363629,"Havelock, NC 28532-2367",Accredited
Cardinal Medical Billing LLC,+13608636186,Krystee Nixon (CEO),https://www.bbb.org/us/wa/snohomish/profile/medical-billing/cardinal-medical-billing-llc-1296-1000105223,"Snohomish, WA 98290-7214",Non-Accredited
Independent Medical Billing LLC,+16023495869,Christina Miller (Owner),https://www.bbb.org/us/az/phoenix/profile/medical-billing/independent-medical-billing-llc-1126-1000091289,"Phoenix, AZ 85033-1856",Non-Accredited
Online Medical Billing Solutions,+19099499622,Michele Shamell (Owner),https://www.bbb.org/us/ca/upland/profile/medical-billing/online-medical-billing-solutions-1126-89082695,"876 N Mountain Ave STE 200T, Upland, CA 91786-4166",Non-Accredited
Providers Medical Billing LLC,+19549903693,Yadira Martinez (Managing Member),https://www.bbb.org/us/fl/hialeah/profile/medical-billing/providers-medical-billing-llc-0633-90614276,"9326 W 33rd Ln, Hialeah, FL 33018-2068",Non-Accredited
Transcend Medical Billing LLC,+14256540001,Sally Thompson (Owner),https://www.bbb.org/us/wa/issaquah/profile/medical-billing/transcend-medical-billing-llc-1296-22713295,"22510 SE 64th Pl Ste 130, Issaquah, WA 98027",Non-Accredited
Efficient Medical Billing Service,+15033842988,David Waite (Member),https://www.bbb.org/us/or/portland/profile/medical-billing/efficient-medical-billing-service-1296-1000098926,"6635 N Baltimore Ave # 236, Portland, OR 97203-5454",Non-Accredited
Premier Medical Billing LLC,+15038108166,Loubna Ezat Agha (Owner),https://www.bbb.org/us/or/west-linn/profile/medical-billing/premier-medical-billing-llc-1296-1000112835,"West Linn, OR 97068-9277",Non-Accredited
West Medical Billing Services,+15412669038,Joy M West (Registered Agent),https://www.bbb.org/us/or/coos-bay/profile/medical-billing/west-medical-billing-services-1296-1000040336,"96772 FOX TROT LANE, Coos Bay, OR 97420",Non-Accredited
Carolina Medical Billing Inc,+17047085054,Matthew Pomponio (President),https://www.bbb.org/us/nc/matthews/profile/medical-billing/carolina-medical-billing-inc-0473-104763,"317 Matthews Mint Hill Rd Ste 210, Matthews, NC 28105-2895",Non-Accredited
Vista Medical Billing LLC,+17203895995,Scott Klohs (Registered Agent),https://www.bbb.org/us/co/aurora/profile/medical-billing/vista-medical-billing-llc-1296-90266739,"2851 S Parker Rd #1-0730, Aurora, CO 80014",Non-Accredited
BC Medical Billing LLC,+18446071980,Belinda Caballero (Managing Member),https://www.bbb.org/us/fl/hollywood/profile/medical-billing/bc-medical-billing-llc-0633-92024085,"2001 Tyler St Ste 211, Hollywood, FL 33020-4578",Non-Accredited
RPM Medical Billing LLC,+18555776633,Joshua Ostler (Member),https://www.bbb.org/us/co/greenwood-village/profile/medical-billing/rpm-medical-billing-llc-1296-1000139565,"5600 Greenwood Plaza Blvd Ste 150, Greenwood Village, CO 80111",Non-Accredited
Cherry Medical Billing Solutions,+15039834722,Sheryl Lynn Abid (Owner),https://www.bbb.org/us/or/salem/profile/billing-services/cherry-medical-billing-solutions-1296-1000140923,"Salem, OR 97306-1959",Accredited
Advanced Medical Billing Company,+17322864646,Elena Hammer (Owner),https://www.bbb.org/us/nj/toms-river/profile/medical-billing/advanced-medical-billing-company-0221-90080955,"231 Azalea Ct, Toms River, NJ 08753-1330",Non-Accredited
Professional Medical Billing Group,+17346419991,Debbie Magill (President),https://www.bbb.org/us/mi/westland/profile/medical-billing/professional-medical-billing-group-0372-49004482,"1515 S Wayne Rd, Westland, MI 48186-5436",Accredited
Diligent Medical Billing LLC,+14256161496,Karen Salmon (Member),https://www.bbb.org/us/wa/woodinville/profile/medical-billing/diligent-medical-billing-llc-1296-1000086915,"Woodinville, WA 98077-8006",Accredited
Valley View Medical Billing,+18888536043,Lindsey Weatherford (Owner),https://www.bbb.org/us/ca/menifee/profile/medical-billing/valley-view-medical-billing-1126-850022097,"30141 Antelope Rd Ste D340, Menifee, CA 92584-7001",Non-Accredited
Genesis Medical Billing Services,+18008795015,Susan Sabadach (President),https://www.bbb.org/us/tx/fort-worth/profile/medical-billing/genesis-medical-billing-services-0825-235971772,"6421 Camp Bowie Blvd Ste 406, Fort Worth, TX 76116-5466",Accredited
Indiana Preferred Medical Billing,+17652133238,Jill McCarthy (President),https://www.bbb.org/us/in/muncie/profile/medical-billing/indiana-preferred-medical-billing-0382-13000631,"PO Box 112, Muncie, IN 47308-0112",Non-Accredited
Elite Medical Billing LLC,+18662898072,Forrest Vance (Owner),https://www.bbb.org/us/sc/greenville/profile/medical-billing/elite-medical-billing-llc-0673-90001934,"1200 Woodruff Rd Ste G22, Greenville, SC 29607-5735",Accredited
AMBS Medical Billing Services,+13043637000,Bryan K Towns (President),https://www.bbb.org/us/wv/fairmont/profile/medical-billing/ambs-medical-billing-services-0282-92005432,"100 Avery Olivia Way Ste C, Fairmont, WV 26554-9375",Non-Accredited
Benedict Billing Solutions,+18055875108,Joan Palmeiri (Executive Director),https://www.bbb.org/us/ca/simi-valley/profile/medical-billing/benedict-billing-solutions-1236-92025010,"PO Box 871, Simi Valley, CA 93062-0871",Non-Accredited
Rainier Billing LLC,+13604743836,Brandi Goellner (Owner),https://www.bbb.org/us/wa/marysville/profile/medical-billing/rainier-billing-llc-1296-1000119066,"Marysville, WA 98270-6854",Non-Accredited
Skyline Medical Billing Management,+19282271167,Jennifer Moran (Owner),https://www.bbb.org/us/az/dewey/profile/medical-billing/skyline-medical-billing-management-1126-1000061790,"Dewey, AZ 86327-8236",Non-Accredited
Vision Medical Billing Services,+19195216480,Gwendolyn Thompson (Owner),https://www.bbb.org/us/nc/raleigh/profile/medical-billing/vision-medical-billing-services-0593-90155722,"6325 Falls of Neuse Rd 35-315, Raleigh, NC 27615-6877",Non-Accredited
Coastal Medical Billing LLC,+13614528360,Tricia R Molina (Executive Director/CEO),https://www.bbb.org/us/tx/corpus-christi/profile/medical-billing/coastal-medical-billing-llc-0825-1000210070,"5151 Flynn Pkwy Ste 115, Corpus Christi, TX 78411-4318",Non-Accredited
Advanced Medical Billing Services,+12103630381,Dana Cooper (President),https://www.bbb.org/us/tx/boerne/profile/medical-billing/advanced-medical-billing-services-0825-1000190255,"Boerne, TX 78006-1415",Non-Accredited
Dynamic Medical Billing Service,+13033463414,Bob Tulper (Co-Owner),https://www.bbb.org/us/co/littleton/profile/medical-billing/dynamic-medical-billing-service-1296-46001497,"PO Box 631248, Littleton, CO 80163-1248",Non-Accredited
"Medical Billing Concepts, Inc.",+18004369305,Dana Thompson (President),https://www.bbb.org/us/fl/boynton-beach/profile/medical-billing/medical-billing-concepts-inc-0633-4002981,"211 S Federal Hwy 7 & 8, Boynton Beach, FL 33435",Non-Accredited
Lauren Wadsworth Medical Billing,+19723834489,Lauren Wadswroth (Owner/Operator),https://www.bbb.org/us/tx/murphy/profile/medical-billing/lauren-wadsworth-medical-billing-0875-91339777,"120 E FM 544 Ste. 72, PMB 460, Murphy, TX 75094",Non-Accredited
A1 Medical Billing Management,+18125374096,Shirley Robinson (Owner),https://www.bbb.org/us/in/lawrenceburg/profile/billing-services/a1-medical-billing-management-0292-3005684,"21207 Interlochen Ln, Lawrenceburg, IN 47025-9017",Non-Accredited
Absolute Medical Billing Specialists,+16233622129,Maria Parial (Owner),https://www.bbb.org/us/az/peoria/profile/billing-services/absolute-medical-billing-specialists-1126-97011941,"10529 W. Donald Drive, Peoria, AZ 85383-1757",Non-Accredited
Rapid Return Medical Billing,+12188292455,Jake Tiggelaar (Owner),https://www.bbb.org/us/mn/brainerd/profile/billing-services/rapid-return-medical-billing-0704-96157177,"2011 S 6th St, Brainerd, MN 56401-4528",Non-Accredited
Sublime Billing Services,+19493001657,Michael Priesing (Owner),https://www.bbb.org/us/ca/santa-ana/profile/medical-billing/sublime-billing-services-1126-1000067807,"2414 S Fairview St Ste 215, Santa Ana, CA 92704-5318",Non-Accredited
AllClaims Medical Billing Solutions,+16193472527,Maria L Laygo (Owner),https://www.bbb.org/us/ca/chula-vista/profile/billing-services/allclaims-medical-billing-solutions-1126-172001599,"Chula Vista, CA 91910",Non-Accredited
"Medical Billing Technologies, Inc.",+15596276267,Roberta Stephens (CEO/President),https://www.bbb.org/us/ca/visalia/profile/billing-services/medical-billing-technologies-inc-1126-83001343,"PO Box 709, Visalia, CA 93279-0709",Non-Accredited
Robles Medical Billing LLC,+15208696214,Martha Robles-Stahl (Owner),https://www.bbb.org/us/az/phoenix/profile/medical-billing/robles-medical-billing-llc-1126-1000077401,"Phoenix, AZ 85032-4244",Non-Accredited
MediPro Billing Solutions,+13608728957,Catie M Mohr (Owner),https://www.bbb.org/us/wa/orting/profile/medical-billing/medipro-billing-solutions-1296-1000041502,"1320 Riddell Ave NE, Orting, WA 98360-7444",Non-Accredited
Advantage Billing Services,+12067953781,Melinda Cook (Owner),https://www.bbb.org/us/wa/kirkland/profile/billing-services/advantage-billing-services-1296-22943638,"11631 NE 155th St, Kirkland, WA 98034-4659",Non-Accredited
Kingston Medical Billing LLC,+13178547109,Tommara Montgomery (Owner),https://www.bbb.org/us/in/indianapolis/profile/medical-billing/kingston-medical-billing-llc-0382-90046149,"Indianapolis, IN 46256-3461",Non-Accredited
Liberty Billing LLC,+14252181944,Lisa Schmidt (Managing  Member),https://www.bbb.org/us/ca/palm-desert/profile/medical-billing/liberty-billing-llc-1296-1000012359,"74401 Hovley Lane East Apt 418, Palm Desert, CA 92260",Non-Accredited
Unified Billing LLC,+14259391293,Monica Severtsen (President),https://www.bbb.org/us/wa/bothell/profile/medical-billing/unified-billing-llc-1296-1000035606,"12100 NE 195th St Ste 325, Bothell, WA 98011-5768",Non-Accredited
Billing Ally LLC,+13609535300,Robert Laub (President),https://www.bbb.org/us/wa/vancouver/profile/medical-billing/billing-ally-llc-1296-1000063665,"800 NE Tenney Rd Ste 110-222, Vancouver, WA 98685",Non-Accredited
Billing Solutions Unlimited,+18886925592,Kenya Batts (Owner),https://www.bbb.org/us/nc/rocky-mount/profile/medical-billing/billing-solutions-unlimited-0593-90287371,"261 Whetstone Ct., Rocky Mount, NC 27804",Non-Accredited
Triangle Billing Systems,+19195621882,Dennis Chasten (Owner),https://www.bbb.org/us/nc/wake-forest/profile/medical-billing/triangle-billing-systems-0593-90078667,"422 Wild Duck Ct, Wake Forest, NC 27587-5505",Non-Accredited
Guardian Billing LLC,+16127303502,Melinda M Flaig (Owner),https://www.bbb.org/us/mn/shakopee/profile/medical-billing/guardian-billing-llc-0704-1000047625,"1715 Fox Run, Shakopee, MN 55379",Non-Accredited
Coastal Billing LLC,+18337239219,Maria Allen,https://www.bbb.org/us/nc/wilmington/profile/medical-billing/coastal-billing-llc-0593-90051103,"PO Box 7641, Wilmington, NC 28406-7641",Non-Accredited
Chesapeake Medical Billing Services,+14106302510,Cindie Martin (President),https://www.bbb.org/us/md/white-marsh/profile/medical-billing/chesapeake-medical-billing-services-0011-90162683,"11433 Pulaski Hwy Ste 6, White Marsh, MD 21162-1517",Non-Accredited
